VA,EEW,VEW,EVW,VVW
0.25,0.247084,0.0123884,0.535414,0.190569
VA,EEW,VEW,EVW,VVW
0.25,0.25214,0.014814,0.558494,0.251412
VA,EEW,VEW,EVW,VVW
0.25,0.251458,0.0141006,0.568193,0.321901
VA,EEW,VEW,EVW,VVW
0.25,0.251575,0.0149603,0.563536,0.303764
VA,EEW,VEW,EVW,VVW
0.25,0.248661,0.0128903,0.54834,0.255434
VA,EEW,VEW,EVW,VVW
0.25,0.250429,0.00133868,0.56318,0.0262809
